{
  "metadata": {
    "source_dir": "/mnt/PycharmProjects/chained_serverless_invoker/middleware/serverless_tuner_middleware/csv",
    "percentiles": [
      10,
      25,
      50,
      95,
      99
    ]
  },
  "data": {
    "pubsub,ea1->ea1,large,0.1_rps": {
      "p10": 0.06880000000000006,
      "p25": 5.8255,
      "p50": 12.6995,
      "p95": 527.0488999999994,
      "p99": 719.0153199999975,
      "count": 500
    },
    "pubsub,ea1->ea1,large,5_rps": {
      "p10": -5.389299999999999,
      "p25": -0.899,
      "p50": 3.6005000000000003,
      "p95": 22.96705,
      "p99": 568.2131499999998,
      "count": 500
    },
    "pubsub,ea1->ea1,small,0.1_rps": {
      "p10": 5.3665,
      "p25": 8.50025,
      "p50": 13.123,
      "p95": 312.57964999999916,
      "p99": 622.6116299999999,
      "count": 500
    },
    "pubsub,ea1->ea1,small,5_rps": {
      "p10": -0.5052999999999994,
      "p25": 2.6885,
      "p50": 5.370000000000001,
      "p95": 511.8499999999997,
      "p99": 611.55254,
      "count": 500
    },
    "http,ea1->we1,large,0.1_rps": {
      "p10": 473.46689999999995,
      "p25": 482.03175,
      "p50": 526.9245,
      "p95": 596.2966500000001,
      "p99": 7587.003259999999,
      "count": 500
    },
    "http,ea1->we1,large,5_rps": {
      "p10": 473.58349999999996,
      "p25": 483.08950000000004,
      "p50": 531.6085,
      "p95": 618.7327,
      "p99": 978.7060999999999,
      "count": 500
    },
    "http,ea1->we1,small,0.1_rps": {
      "p10": 94.5566,
      "p25": 97.75025,
      "p50": 100.5585,
      "p95": 114.2451,
      "p99": 130.92161999999996,
      "count": 500
    },
    "http,ea1->we1,small,5_rps": {
      "p10": 95.9958,
      "p25": 98.24600000000001,
      "p50": 100.87299999999999,
      "p95": 744.5690500000001,
      "p99": 1161.8328999999999,
      "count": 498
    },
    "pubsub,ea1->we1,large,0.1_rps": {
      "p10": 455.74350000000004,
      "p25": 468.07899999999995,
      "p50": 515.6025,
      "p95": 633.7339999999998,
      "p99": 1124.57143,
      "count": 500
    },
    "pubsub,ea1->we1,large,5_rps": {
      "p10": 444.0679,
      "p25": 453.98474999999996,
      "p50": 471.4775,
      "p95": 576.5586,
      "p99": 641.77606,
      "count": 500
    },
    "pubsub,ea1->we1,small,0.1_rps": {
      "p10": 45.8418,
      "p25": 49.476,
      "p50": 55.082,
      "p95": 599.5962499999998,
      "p99": 721.44067,
      "count": 500
    },
    "pubsub,ea1->we1,small,5_rps": {
      "p10": 42.9538,
      "p25": 45.442,
      "p50": 47.555499999999995,
      "p95": 619.8783499999998,
      "p99": 708.82883,
      "count": 500
    },
    "http,ea1->ea1,large,0.1_rps": {
      "p10": 53.00429999999999,
      "p25": 55.85,
      "p50": 59.588499999999996,
      "p95": 78.51095,
      "p99": 102.29273999999998,
      "count": 500
    },
    "http,ea1->ea1,large,5_rps": {
      "p10": 53.639799999999994,
      "p25": 56.3875,
      "p50": 60.214999999999996,
      "p95": 83.48149999999995,
      "p99": 123.75351999999994,
      "count": 499
    },
    "http,ea1->ea1,small,0.1_rps": {
      "p10": 50.2827,
      "p25": 52.630250000000004,
      "p50": 54.5595,
      "p95": 64.23354999999997,
      "p99": 81.18083999999992,
      "count": 500
    },
    "http,ea1->ea1,small,5_rps": {
      "p10": 50.837199999999996,
      "p25": 52.919000000000004,
      "p50": 54.764,
      "p95": 78.25339999999991,
      "p99": 803.690240000002,
      "count": 497
    }
  }
}